"Year","Company","Country","Industry","Valuation"
"2007-07-02","Veepee","France","E-commerce & direct-to-consumer",1.38
"2011-04-02","Vice Media","United States","Internet software & services",5.7
"2011-12-12","Klarna","Sweden","Fintech",6.7
"2012-02-13","Trendy Group International","Hong Kong","Consumer & retail",2
"2012-06-06","Fanatics","United States","E-commerce & direct-to-consumer",27
"2012-12-01","SpaceX","United States","Other",127
"2012-12-17","Avant","United States","Artificial intelligence",2
"2013-02-07","Mu Sigma","United States","Data management & analytics",1.5
"2013-05-27","Automattic","United States","Internet software & services",7.5
"2013-10-10","Lookout","United States","Cybersecurity",1
"2014-01-23","Stripe","United States","Fintech",95
"2014-03-20","TangoMe","United States","Mobile & telecommunications",1.1
"2014-04-01","Intarcia Therapeutics","United States","Health",3.8
"2014-05-21","Snapdeal","India","E-commerce & direct-to-consumer",1
"2014-08-29","TechStyle Fashion Group","United States","E-commerce & direct-to-consumer",1
"2014-09-30","Houzz","United States","E-commerce & direct-to-consumer",4
"2014-10-21","Magic Leap","United States","Hardware",2
"2014-10-23","Koudai","China","E-commerce & direct-to-consumer",1.4
"2014-10-27","Ola Cabs","India","Auto & transportation",7.5
"2014-11-11","Yello Mobile","South Korea","Mobile & telecommunications",4
"2014-12-02","InMobi","India","Mobile & telecommunications",1
"2014-12-30","Instacart","United States","Supply chain, logistics, & delivery",39
"2015-01-01","LinkSure Network","China","Mobile & telecommunications",1
"2015-01-07","Red Ventures","United States","Other",1
"2015-01-16","Apus Group","China","Mobile & telecommunications",1.73
"2015-01-22","BeiBei","China","E-commerce & direct-to-consumer",1
"2015-01-23","DJI Innovations","China","Hardware",15
"2015-03-06","Lamabang","China","E-commerce & direct-to-consumer",1
"2015-03-09","Tubatu.com","China","E-commerce & direct-to-consumer",2
"2015-03-31","Tanium","United States","Cybersecurity",9
"2015-04-14","Illumio","United States","Cybersecurity",2.75
"2015-04-21","JimuBox","China","Fintech",1
"2015-04-29","Infinidat","United States","Hardware",1.6
"2015-06-16","Zhubajie","China","Internet software & services",1.61
"2015-06-17","TuJia","China","Travel",1.5
"2015-07-02","FXiaoKe","China","Mobile & telecommunications",1
"2015-07-13","LifeMiles","Colombia","Other",1.15
"2015-07-22","Flipboard","United States","Internet software & services",1.32
"2015-07-30","Jiuxian","China","E-commerce & direct-to-consumer",1.05
"2015-08-12","Vox Media","United States","Internet software & services",1
"2015-08-18","Royole Corporation","China","Hardware",6
"2015-08-20","Carbon","United States","Hardware",2.4
"2015-08-20","ZocDoc","United States","Health",1.8
"2015-09-08","Mia.com","China","E-commerce & direct-to-consumer",1
"2015-09-09","WEMAKEPRICE","South Korea","E-commerce & direct-to-consumer",2.34
"2015-09-16","BlaBlaCar","France","Auto & transportation",2
"2015-09-22","We Doctor","China","Health",7
"2015-09-29","Thumbtack","United States","E-commerce & direct-to-consumer",3.2
"2015-10-07","AppDirect","United States","E-commerce & direct-to-consumer",1.1
"2015-10-12","58 Daojia","China","Internet software & services",1
"2015-10-12","Womai","China","E-commerce & direct-to-consumer",1
"2015-10-27","Uptake","United States","Artificial intelligence",2.3
"2015-10-29","HuJiang","China","Edtech",1
"2015-11-18","iTutorGroup","China","Edtech",1
"2015-11-24","Yixia","China","Mobile & telecommunications",3
"2015-12-18","Gusto","United States","Fintech",10
"2016-01-01","L&P Cosmetic","South Korea","Consumer & retail",1.19
"2016-01-28","MindMaze","Switzerland","Health",1
"2016-03-12","Chehaoduo","China","E-commerce & direct-to-consumer",10
"2016-03-31","Xiaohongshu","China","E-commerce & direct-to-consumer",20
"2016-04-07","Lianjia","China","E-commerce & direct-to-consumer",5.77
"2016-04-12","iCarbonX","China","Artificial intelligence",1
"2016-04-13","Mofang Living","China","E-commerce & direct-to-consumer",1.5
"2016-04-14","Juanpi","China","E-commerce & direct-to-consumer",1.1
"2016-05-03","Age of Learning","United States","Edtech",3
"2016-05-11","Dadi Cinema","China","Other",3.24
"2016-05-24","Gett","United Kingdom","Auto & transportation",1.5
"2016-06-07","SMS Assist","United States","Internet software & services",1
"2016-06-22","Meicai","China","Mobile & telecommunications",2.8
"2016-07-25","UBTECH Robotics","China","Hardware",4.58
"2016-08-04","VIPKid","China","Edtech",4.5
"2016-08-15","OVH","France","Other",1.1
"2016-09-05","HuiMin","China","E-commerce & direct-to-consumer",2
"2016-11-08","Promasidor Holdings","South Africa","Consumer & retail",1.59
"2016-11-09","Yiguo","China","Supply chain, logistics, & delivery",1.2
"2016-12-21","Kendra Scott","United States","Consumer & retail",1
"2016-12-22","Global Switch","United Kingdom","Hardware",11.1
"2017-01-01","Traveloka","Indonesia","Travel",3
"2017-02-21","Cgtz","China","Fintech",2.41
"2017-04-06","Mobvoi","China","Consumer & retail",1
"2017-04-07","ByteDance","China","Artificial intelligence",140
"2017-04-10","BrewDog","United Kingdom","Consumer & retail",1.24
"2017-04-14","Afiniti","Bermuda","Artificial intelligence",1.6
"2017-04-18","Zhuan Zhuan","China","E-commerce & direct-to-consumer",1
"2017-04-21","Quora","United States","Internet software & services",2
"2017-04-28","Rubrik","United States","Data management & analytics",4
"2017-05-10","Modernizing Medicine","United States","Health",1
"2017-05-11","Improbable","United Kingdom","Other",1
"2017-05-16","Symphony","United States","Fintech",1.4
"2017-05-31","Yuanfudao","China","Edtech",15.5
"2017-06-08","DT Dream","China","Data management & analytics",1.5
"2017-06-24","Otto Bock HealthCare","Germany","Health",3.52
"2017-06-29","Zhaogang","China","E-commerce & direct-to-consumer",1
"2017-07-20","Luoji Siwei","China","Edtech",1.18
"2017-07-25","BYJU's","India","Edtech",22
"2017-07-31","reddit","United States","Internet software & services",10
"2017-08-02","DianRong","China","E-commerce & direct-to-consumer",1
"2017-08-07","Cell C","South Africa","Mobile & telecommunications",1
"2017-08-23","Vista Global","United Arab Emirates","Other",2.5
"2017-08-25","Rubicon","United States","Other",1.07
"2017-09-15","United Imaging Healthcare","China","Health",5
"2017-09-21","YH Global","China","Supply chain, logistics, & delivery",1
"2017-09-22","Ximalaya FM","China","Mobile & telecommunications",1.52
"2017-09-26","Indigo Ag","United States","Artificial intelligence",3.5
"2017-10-12","OakNorth Bank","United Kingdom","Fintech",5
"2017-10-17","Yidian Zixun","China","Mobile & telecommunications",1.4
"2017-10-23","Revolution Precrafted","Philippines","Other",1
"2017-10-30","Changingedu","China","Edtech",1.5
"2017-10-31","MEGVII","China","Artificial intelligence",4
"2017-11-01","InVision","United States","Internet software & services",1.9
"2017-11-01","SouChe Holdings","China","E-commerce & direct-to-consumer",3
"2017-11-01","XiaoZhu","China","Travel",1.5
"2017-11-08","WeLab","Hong Kong","Fintech",1
"2017-11-15","Maimai","China","Mobile & telecommunications",1
"2017-11-24","BGL Group","United Kingdom","Fintech",3
"2017-11-24","Niantic","United States","Mobile & telecommunications",9
"2017-11-27","Radius Payment Solutions","United Kingdom","Fintech",1.07
"2017-11-30","Eat Just","United States","Consumer & retail",2.59
"2017-12-01","Kuaikan Manhua","China","Internet software & services",1.25
"2017-12-04","HeartFlow","United States","Health",1.3
"2017-12-20","JUUL Labs","United States","Consumer & retail",12
"2018-01-08","Canva","Australia","Internet software & services",40
"2018-01-17","Cao Cao Mobility","China","Auto & transportation",1.6
"2018-01-17","Ziroom","China","E-commerce & direct-to-consumer",6.6
"2018-01-22","Cabify","Spain","Auto & transportation",1.4
"2018-01-23","Hive Box","China","Supply chain, logistics, & delivery",1.4
"2018-02-12","Easyhome","China","Consumer & retail",5.78
"2018-02-12","Upgrade","United States","Fintech",6.28
"2018-02-16","Harry's","United States","Consumer & retail",1.7
"2018-02-20","OrCam Technologies","Israel","Artificial intelligence",1.03
"2018-02-22","NuCom Group","Germany","Other",2.2
"2018-02-26","Radiology Partners","United States","Health",4
"2018-03-08","YITU Technology","China","Artificial intelligence",2.17
"2018-03-16","Coocaa","China","Hardware",1.45
"2018-03-21","Tempus","United States","Health",8.1
"2018-03-27","Intercom","United States","Internet software & services",1.28
"2018-04-02","Youxia Motors","China","Auto & transportation",3.35
"2018-04-08","WTOIP","China","Internet software & services",1.27
"2018-04-09","Xinchao Media","China","Internet software & services",2
"2018-04-10","Dxy.cn","China","Health",1
"2018-04-16","AIWAYS","China","Auto & transportation",1.78
"2018-04-16","DeepBlue Technology","China","Artificial intelligence",1.35
"2018-04-20","BYTON","China","Auto & transportation",2.5
"2018-04-20","Discord","United States","Internet software & services",15
"2018-04-26","Revolut","United Kingdom","Fintech",33
"2018-04-30","Flexport","United States","Supply chain, logistics, & delivery",8
"2018-05-08","ThoughtSpot","United States","Internet software & services",4.2
"2018-05-15","Circle","United States","Fintech",3
"2018-05-17","Preferred Networks","Japan","Artificial intelligence",2
"2018-05-21","HMD Global","Finland","Mobile & telecommunications",1
"2018-05-24","Huike Group","China","Edtech",1
"2018-05-29","Bolt","Estonia","Auto & transportation",8.4
"2018-05-29","JOLLY Information Technology","China","E-commerce & direct-to-consumer",1.5
"2018-05-30","Tradeshift","United States","Fintech",2.7
"2018-06-01","Hello TransTech","China","Auto & transportation",5
"2018-06-04","Dataminr","United States","Artificial intelligence",4.1
"2018-06-05","OutSystems","United States","Internet software & services",9.5
"2018-06-11","China Cloud","China","Hardware",1
"2018-06-11","Cohesity","United States","Data management & analytics",3.7
"2018-06-21","Swiggy","India","Supply chain, logistics, & delivery",10.7
"2018-06-26","Celonis","Germany","Data management & analytics",13
"2018-07-02","Automation Anywhere","United States","Artificial intelligence",6.8
"2018-07-03","SHEIN","China","E-commerce & direct-to-consumer",100
"2018-07-05","LinkDoc Technology","China","Health",1
"2018-07-06","Bitmain Technologies","China","Hardware",12
"2018-07-09","Jusfoun Big Data","China","Data management & analytics",1.62
"2018-07-10","MediaMath","United States","Internet software & services",1
"2018-07-11","Pony.ai","United States","Artificial intelligence",8.5
"2018-07-12","Movile","Brazil","Mobile & telecommunications",1
"2018-07-16","Greensill","United Kingdom","Fintech",4
"2018-07-16","Pat McGrath Labs","United States","Consumer & retail",1
"2018-07-18","Wacai","China","Mobile & telecommunications",1
"2018-07-18","Zuoyebang","China","Edtech",3
"2018-07-19","Unisound","China","Artificial intelligence",1.31
"2018-07-31","Medlinker","China","Health",3.92
"2018-08-01","Formlabs","United States","Hardware",2
"2018-08-06","Biosplice Therapeutics","United States","Health",12
"2018-08-07","Klook","Hong Kong","Travel",1.35
"2018-08-27","FlashEx","China","Supply chain, logistics, & delivery",1
"2018-08-31","Rappi","Colombia","Supply chain, logistics, & delivery",5.25
"2018-09-04","Udaan","India","Supply chain, logistics, & delivery",3.1
"2018-09-10","Branch","United States","Mobile & telecommunications",4
"2018-09-13","Banma Network Technologies","China","Auto & transportation",1
"2018-09-15","Tuhu","China","Auto & transportation",1.16
"2018-09-18","Nxin","China","Internet software & services",1.08
"2018-09-20","Yijiupi","China","Consumer & retail",1.5
"2018-09-21","Convoy","United States","Supply chain, logistics, & delivery",3.8
"2018-09-25","OYO Rooms","India","Travel",9
"2018-10-03","Talkdesk","United States","Internet software & services",10
"2018-10-05","Brex","United States","Fintech",12.3
"2018-10-10","Tresata","United States","Fintech",1
"2018-10-16","Devoted Health","United States","Health",12.6
"2018-10-17","Momenta","China","Artificial intelligence",1
"2018-10-18","Hosjoy","China","E-commerce & direct-to-consumer",1
"2018-10-22","GPclub","South Korea","Other",1.32
"2018-10-22","PAX","United States","Consumer & retail",1.7
"2018-10-23","Omio","Germany","Travel",1
"2018-10-25","TERMINUS Technology","China","Hardware",1
"2018-10-26","Epic Games","United States","Other",31.5
"2018-10-31","Monzo","United Kingdom","Fintech",4.5
"2018-11-01","Zume","United States","Consumer & retail",2.25
"2018-11-06","BitFury","Netherlands","Hardware",1
"2018-11-08","TripActions","United States","Travel",7.25
"2018-11-13","iFood","Brazil","Supply chain, logistics, & delivery",1
"2018-11-13","Netskope","United States","Cybersecurity",7.5
"2018-11-14","Cerebras Systems","United States","Hardware",4
"2018-11-14","ServiceTitan","United States","Internet software & services",9.5
"2018-11-15","Airtable","United States","Internet software & services",11.7
"2018-11-20","Leap Motor","China","Auto & transportation",1.01
"2018-11-21","Geek+","China","Hardware",2
"2018-11-26","Juma Peisong","China","Supply chain, logistics, & delivery",1.45
"2018-12-09","Toss","South Korea","Fintech",5.48
"2018-12-10","REEF Technology","United States","Supply chain, logistics, & delivery",1
"2018-12-11","Plaid","United States","Fintech",13.5
"2018-12-18","Graphcore","United Kingdom","Artificial intelligence",2.77
"2018-12-18","Seismic","United States","Internet software & services",3
"2018-12-19","4Paradigm","China","Artificial intelligence",2
"2018-12-19","Cambridge Mobile Telematics","United States","Auto & transportation",1.5
"2018-12-20","Fair","United States","Auto & transportation",1.2
"2019-01-10","N26","Germany","Fintech",9.23
"2019-01-14","Yimidida","China","Supply chain, logistics, & delivery",1.17
"2019-01-22","Globality","United States","Artificial intelligence",1
"2019-01-29","Collibra","Belgium","Data management & analytics",5.25
"2019-02-01","eDaili","China","E-commerce & direct-to-consumer",1.9
"2019-02-05","Databricks","United States","Data management & analytics",38
"2019-02-06","Calm","United States","Internet software & services",2
"2019-02-11","Nuro","United States","Auto & transportation",8.6
"2019-02-14","OVO Energy","United Kingdom","Other",1.28
"2019-02-21","Lalamove","Hong Kong","Supply chain, logistics, & delivery",10
"2019-02-21","Ynsect","France","Other",1
"2019-02-27","Horizon Robotics","China","Artificial intelligence",5
"2019-03-01","Carzone","China","E-commerce & direct-to-consumer",1.52
"2019-03-04","OCSiAl","Luxembourg","Other",2
"2019-03-05","Chime","United States","Fintech",25
"2019-03-05","wefox","Germany","Fintech",4.5
"2019-03-08","WM Motor","China","Auto & transportation",5
"2019-03-11","Yipin Shengxian","China","E-commerce & direct-to-consumer",1.49
"2019-03-19","Doctolib","France","Health",6.4
"2019-03-19","Glossier","United States","Consumer & retail",1.65
"2019-03-22","Intellifusion","China","Artificial intelligence",1
"2019-03-25","Airwallex","Australia","Fintech",5.5
"2019-03-25","Baiwang","China","Fintech",1.55
"2019-03-27","Kaseya","United States","Cybersecurity",2
"2019-03-27","Mininglamp Technology","China","Artificial intelligence",1.19
"2019-04-02","ezCater","United States","Supply chain, logistics, & delivery",1.6
"2019-04-09","Dream11","India","Internet software & services",8
"2019-04-15","ENOVATE","China","Auto & transportation",1.85
"2019-04-16","Outreach","United States","Internet software & services",4.4
"2019-04-16","Sila Nanotechnologies","United States","Other",3.3
"2019-04-23","Motive","United States","Supply chain, logistics, & delivery",2.85
"2019-04-25","Tongdun Technology","China","Cybersecurity",1.32
"2019-04-29","Poizon","China","Mobile & telecommunications",1
"2019-05-02","Checkout.com","United Kingdom","Fintech",40
"2019-05-06","Carta","United States","Fintech",7.4
"2019-05-06","PolicyBazaar","India","Fintech",2.4
"2019-05-07","VTS","United States","Internet software & services",1
"2019-05-13","Impossible Foods","United States","Consumer & retail",4
"2019-05-15","Away","United States","E-commerce & direct-to-consumer",1.4
"2019-05-16","GetYourGuide","Germany","Travel",1.1
"2019-05-16","SITECH DEV","China","Other",1
"2019-05-20","Zipline","United States","Supply chain, logistics, & delivery",2.8
"2019-05-21","Ivalua","United States","Fintech",1.1
"2019-05-23","Mafengwo","China","Travel",2
"2019-05-30","KnowBox","China","Edtech",1
"2019-05-31","Aprogen","South Korea","Health",1.04
"2019-06-03","Bordrin Motors","China","Auto & transportation",1.48
"2019-06-05","Loggi","Brazil","Supply chain, logistics, & delivery",2
"2019-06-10","Yanolja","South Korea","Travel",1
"2019-06-12","Gympass","United States","Internet software & services",2.2
"2019-06-12","Northvolt","Sweden","Other",9.08
"2019-06-17","Collective Health","United States","Fintech",1.5
"2019-06-18","Meero","France","Artificial intelligence",1
"2019-06-20","Druva","United States","Data management & analytics",2
"2019-06-25","Kraken","United States","Fintech",2.92
"2019-06-26","StockX","United States","E-commerce & direct-to-consumer",3.8
"2019-06-27","Miaoshou Doctor","China","E-commerce & direct-to-consumer",4.25
"2019-06-27","Ouyeel","China","Internet software & services",1.45
"2019-07-01","HEYTEA","China","Other",9.28
"2019-07-02","Ola Electric Mobility","India","Auto & transportation",5
"2019-07-11","OneTrust","United States","Internet software & services",5.1
"2019-07-11","Rivigo","India","Supply chain, logistics, & delivery",1.07
"2019-07-12","Argo AI","United States","Auto & transportation",7.25
"2019-07-16","SumUp","United Kingdom","Fintech",8.5
"2019-07-17","Icertis","United States","Artificial intelligence",5
"2019-07-18","FlixMobility","Germany","Auto & transportation",3
"2019-07-22","OpenAI","United States","Artificial intelligence",2.92
"2019-07-22","Trax","Singapore","Artificial intelligence",2
"2019-07-29","DataRobot","United States","Artificial intelligence",6.3
"2019-07-31","Lightricks","Israel","Artificial intelligence",1.8
"2019-08-05","Scale AI","United States","Artificial intelligence",7.3
"2019-08-05","SmartNews","Japan","Mobile & telecommunications",2
"2019-08-06","Cybereason","United States","Cybersecurity",2.44
"2019-08-06","Ibotta","United States","Fintech",1
"2019-08-07","C2FO","United States","Fintech",1
"2019-08-22","Numbrs","Switzerland","Fintech",1
"2019-09-09","QuintoAndar","Brazil","E-commerce & direct-to-consumer",5.1
"2019-09-11","Anduril","United States","Artificial intelligence",4.6
"2019-09-17","CMR Surgical","United Kingdom","Health",3
"2019-09-18","Acronis","Switzerland","Cybersecurity",3.5
"2019-09-19","Checkr","United States","Internet software & services",4.6
"2019-09-30","Workrise","United States","Internet software & services",2.9
"2019-10-07","Next Insurance","United States","Fintech",4
"2019-10-08","Huaqin Telecom Technology","China","Mobile & telecommunications",2.19
"2019-10-10","Grammarly","United States","Internet software & services",13
"2019-10-16","EBANX","Brazil","Fintech",1
"2019-10-17","Pendo","United States","Internet software & services",2.6
"2019-10-21","Instabase","United States","Data management & analytics",1.05
"2019-10-23","KK Group","China","E-commerce & direct-to-consumer",3
"2019-10-25","Kujiale","China","Internet software & services",2
"2019-10-29","Scopely","United States","Mobile & telecommunications",3.3
"2019-10-30","Faire","United States","Artificial intelligence",12.59
"2019-11-11","MUSINSA","South Korea","E-commerce & direct-to-consumer",2.2
"2019-11-13","Guild Education","United States","Internet software & services",4.4
"2019-11-19","The Brandtech Group","United States","Other",1.3
"2019-11-27","Vinted","Lithuania","E-commerce & direct-to-consumer",4.53
"2019-12-03","Rapyd","United Kingdom","Fintech",8.75
"2019-12-04","Dataiku","United States","Artificial intelligence",4.6
"2019-12-05","Wildlife Studios","Brazil","Other",3
"2019-12-16","TELD","China","Fintech",1.12
"2019-12-20","Lenskart","India","E-commerce & direct-to-consumer",4.5
"2019-12-20","Ripple","United States","Fintech",15
"2020-01-03","Loft","Brazil","E-commerce & direct-to-consumer",2.9
"2020-01-07","HighRadius","United States","Fintech",3.1
"2020-01-09","Sisense","United States","Data management & analytics",1.1
"2020-01-21","AppsFlyer","United States","Mobile & telecommunications",2
"2020-01-21","Snyk","United States","Cybersecurity",8.6
"2020-01-24","Pine Labs","India","Fintech",5
"2020-01-26","Moon Active","Israel","Mobile & telecommunications",5
"2020-01-28","Justworks","United States","Internet software & services",1.43
"2020-01-29","Verkada","United States","Cybersecurity",1.6
"2020-01-30","Alto Pharmacy","United States","Health",1
"2020-02-07","FirstCry","India","E-commerce & direct-to-consumer",2.1
"2020-02-11","Skydance Media","United States","Other",2.3
"2020-02-12","Course Hero","United States","Edtech",3.6
"2020-03-01","Yuanqi Senlin","China","Consumer & retail",15
"2020-03-06","InSightec","Israel","Health",1.3
"2020-03-10","Everlaw","United States","Internet software & services",2
"2020-03-17","Hotmart","Netherlands","E-commerce & direct-to-consumer",1
"2020-03-30","Via","United States","Auto & transportation",3.3
"2020-04-01","Notion Labs","United States","Internet software & services",10
"2020-04-07","Podium","United States","Internet software & services",3
"2020-04-16","VAST Data","United States","Data management & analytics",3.7
"2020-04-28","Emerging Markets Property Group","United Arab Emirates","Other",1
"2020-04-28","o9 Solutions","United States","Artificial intelligence",2.7
"2020-04-30","Figma","United States","Internet software & services",10
"2020-05-01","EquipmentShare","United States","Fintech",2.41
"2020-05-05","ApplyBoard","Canada","Edtech",3.2
"2020-05-13","Quizlet","United States","Edtech",1
"2020-05-19","Keep","China","Internet software & services",2
"2020-05-22","Komodo Health","United States","Health",3.3
"2020-05-26","Apeel Sciences","United States","Other",2
"2020-05-26","HyalRoute","Singapore","Mobile & telecommunications",3.5
"2020-06-08","SVOLT","China","Auto & transportation",6.51
"2020-06-11","Postman","United States","Internet software & services",5.6
"2020-06-17","Orca Bio","United States","Health",1
"2020-06-23","Workhuman","Ireland","Internet software & services",1.2
"2020-06-30","FiveTran","United States","Data management & analytics",5.6
"2020-07-01","National Stock Exchange of India","India","Fintech",6.5
"2020-07-15","Thrasio","United States","E-commerce & direct-to-consumer",10
"2020-07-15","Trumid","United States","Fintech",2.4
"2020-07-16","Qumulo","United States","Data management & analytics",1.2
"2020-07-22","Xingsheng Selected","China","E-commerce & direct-to-consumer",12
"2020-07-27","Ro","United States","Health",7
"2020-07-30","Infobip","Croatia","Mobile & telecommunications",1
"2020-08-01","Hesai Tech","China","Artificial intelligence",2.18
"2020-08-03","Farmers Business Network","United States","Other",4
"2020-08-04","Rippling","United States","Internet software & services",11.25
"2020-08-12","Gong","United States","Artificial intelligence",7.25
"2020-08-14","Gymshark","United Kingdom","E-commerce & direct-to-consumer",1.45
"2020-08-17","Voodoo","France","Other",2.31
"2020-08-18","Biren Technology","China","Hardware",2.32
"2020-08-25","Lyra Health","United States","Health",5.85
"2020-08-25","Redis Labs","United States","Data management & analytics",2
"2020-08-26","Freenome","United States","Health",2.62
"2020-09-02","Patreon","United States","Internet software & services",4
"2020-09-02","Unacademy","India","Edtech",3.44
"2020-09-08","Mollie","Netherlands","Fintech",6.5
"2020-09-16","Zwift","United States","E-commerce & direct-to-consumer",1
"2020-09-21","Playco","Japan","Other",1
"2020-09-22","Mirakl","France","E-commerce & direct-to-consumer",3.5
"2020-09-23","Attentive","United States","Mobile & telecommunications",5.99
"2020-09-23","GOAT","United States","E-commerce & direct-to-consumer",3.7
"2020-09-24","Greenlight","United States","Fintech",2.3
"2020-09-24","Xingyun Group","China","E-commerce & direct-to-consumer",2
"2020-09-29","Howden Group Holdings","United Kingdom","Other",5
"2020-09-30","Alzheon","United States","Health",1.31
"2020-10-01","Kavak","Mexico","E-commerce & direct-to-consumer",8.7
"2020-10-06","Dialpad","United States","Internet software & services",2.2
"2020-10-06","Tipalti","United States","Fintech",8.3
"2020-10-06","Unqork","United States","Fintech",2
"2020-10-08","goPuff","United States","Supply chain, logistics, & delivery",15
"2020-10-08","MessageBird","Netherlands","Mobile & telecommunications",3.8
"2020-10-11","Razorpay","India","Fintech",7.5
"2020-10-16","Socar","South Korea","Auto & transportation",1.07
"2020-10-21","Tekion","United States","Internet software & services",3.5
"2020-10-22","Applied Intuition","United States","Auto & transportation",3.6
"2020-10-22","Arctic Wolf Networks","United States","Cybersecurity",4.3
"2020-10-26","ECARX","China","Auto & transportation",3.31
"2020-10-27","Eightfold.ai","United States","Internet software & services",2.1
"2020-10-28","Whoop","United States","E-commerce & direct-to-consumer",3.6
"2020-11-03","Gousto","United Kingdom","Supply chain, logistics, & delivery",1.7
"2020-11-10","Better.com","United States","Fintech",6
"2020-11-10","Hopin","United Kingdom","Internet software & services",7.75
"2020-11-12","Pharmapacks","United States","E-commerce & direct-to-consumer",1.1
"2020-11-16","Strava","United States","Internet software & services",1.5
"2020-11-17","Cato Networks","Israel","Cybersecurity",2.5
"2020-11-17","GalaxySpace","China","Mobile & telecommunications",1.22
"2020-11-17","Klaviyo","United States","Internet software & services",9.2
"2020-11-19","Forter","United States","Cybersecurity",3
"2020-11-23","Chainalysis","United States","Fintech",8.6
"2020-11-23","Relativity Space","United States","Other",4.2
"2020-11-24","Cars24","India","E-commerce & direct-to-consumer",3.3
"2020-12-01","Olive","United States","Health",4
"2020-12-02","C6 Bank","Brazil","Fintech",5.05
"2020-12-02","Virta Health","United States","Health",2
"2020-12-03","Everly Health","United States","Health",1.3
"2020-12-10","Cityblock Health","United States","Health",5.7
"2020-12-10","Venafi","United States","Cybersecurity",1.15
"2020-12-15","ClickUp","United States","Internet software & services",4
"2020-12-15","Zenoti","United States","Internet software & services",1.5
"2020-12-16","BigID","United States","Cybersecurity",1.25
"2020-12-16","Boom Supersonic","United States","Other",1
"2020-12-17","ISN","United States","Supply chain, logistics, & delivery",2
"2020-12-18","Creditas","Brazil","Fintech",4.8
"2020-12-21","Qualia","United States","Fintech",2.17
"2020-12-22","VerSe Innovation(Dailyhunt)","India","Internet software & services",5
"2020-12-23","WeRide","China","Auto & transportation",4.4
"2020-12-24","Manner","China","Other",1.3
"2020-12-31","Kong","United States","Internet software & services",1.4
"2021-01-04","Color","United States","Health",4.6
"2021-01-05","Enflame","China","Hardware",1.24
"2021-01-06","Dremio","United States","Data management & analytics",2
"2021-01-06","Hinge Health","United States","Health",6.2
"2021-01-06","Mambu","Netherlands","Fintech",5.5
"2021-01-06","Starburst","United States","Data management & analytics",3.35
"2021-01-06","TalkingData","China","Mobile & telecommunications",1.3
"2021-01-07","Lacework","United States","Cybersecurity",8.3
"2021-01-07","MadeiraMadeira","Brazil","E-commerce & direct-to-consumer",1
"2021-01-07","News Break","United States","Internet software & services",1
"2021-01-07","PointClickCare","Canada","Internet software & services",4
"2021-01-07","Quantum Metric","United States","Data management & analytics",1
"2021-01-11","EQRx","United States","Health",1.23
"2021-01-12","Cockroach Labs","United States","Data management & analytics",5
"2021-01-12","Workato","United States","Internet software & services",5.7
"2021-01-13","MX Technologies","United States","Fintech",1.9
"2021-01-13","Webflow","United States","Internet software & services",4
"2021-01-14","Harness","United States","Artificial intelligence",3.7
"2021-01-14","Sennder","Germany","Supply chain, logistics, & delivery",1.1
"2021-01-14","Zapier","United States","Internet software & services",4
"2021-01-15","Digit Insurance","India","Fintech",4
"2021-01-19","Aledade","United States","Health",1.9
"2021-01-19","K Health","United States","Health",1.5
"2021-01-19","Personio","Germany","Internet software & services",8.5
"2021-01-19","PPRO","United Kingdom","Fintech",1
"2021-01-24","Clubhouse","United States","Mobile & telecommunications",4
"2021-01-25","56PINGTAI","China","Supply chain, logistics, & delivery",1.08
"2021-01-25","Melio","United States","Fintech",4
"2021-01-25","UISEE Technology","China","Supply chain, logistics, & delivery",1.08
"2021-01-26","Calendly","United States","Internet software & services",3
"2021-01-26","Sidecar Health","United States","Fintech",1
"2021-01-27","DriveNets","Israel","Internet software & services",2.5
"2021-01-27","Splashtop","United States","Internet software & services",1
"2021-01-28","OwnBackup","United States","Data management & analytics",3.35
"2021-02-01","Flash Express","Thailand","Supply chain, logistics, & delivery",1
"2021-02-01","inDriver","United States","Auto & transportation",1.23
"2021-02-03","Stash","United States","Fintech",1.4
"2021-02-03","Tealium","United States","Internet software & services",1.2
"2021-02-07","Fenbi Education","China","Edtech",1.95
"2021-02-08","Nexthink","Switzerland","Data management & analytics",1.1
"2021-02-10","Savage X Fenty","United States","E-commerce & direct-to-consumer",1
"2021-02-11","Modern Health","United States","Health",1.17
"2021-02-16","Axiom Space","United States","Other",1
"2021-02-17","Blockchain.com","United Kingdom","Fintech",14
"2021-02-17","Locus Robotics","United States","Hardware",1
"2021-02-17","Public","United States","Fintech",1.2
"2021-02-17","Standard","United States","Artificial intelligence",1
"2021-02-18","Sentry","United States","Other",3
"2021-02-18","WeBull","China","Fintech",1
"2021-02-19","Innovaccer","United States","Health",3.2
"2021-02-21","Earnix","Israel","Fintech",2
"2021-02-22","Highspot","United States","Internet software & services",3.5
"2021-02-23","Plume","United States","Internet software & services",2.6
"2021-02-25","BetterUp","United States","Internet software & services",4.7
"2021-02-25","Infra.Market","India","E-commerce & direct-to-consumer",2.5
"2021-02-25","Newsela","United States","Edtech",1
"2021-02-25","Skydio","United States","Supply chain, logistics, & delivery",1
"2021-03-01","Axonius","United States","Cybersecurity",2.6
"2021-03-01","Iluvatar CoreX","China","Hardware",1.55
"2021-03-01","Shulan Health","China","Health",1.24
"2021-03-01","Vestiaire Collective","France","E-commerce & direct-to-consumer",1.7
"2021-03-03","Clari","United States","Internet software & services",2.6
"2021-03-03","DispatchHealth","United States","Health",1.7
"2021-03-03","Uplight","United States","Other",1.5
"2021-03-04","Papaya Global","United States","Internet software & services",3.7
"2021-03-08","Starling Bank","United Kingdom","Fintech",3.34
"2021-03-09","Cedar","United States","Fintech",3.2
"2021-03-09","Flutterwave","United States","Fintech",3
"2021-03-09","Zego","United Kingdom","Fintech",1.1
"2021-03-10","Aqua Security","Israel","Cybersecurity",1
"2021-03-11","BlockFi","United States","Fintech",3
"2021-03-11","Epidemic Sound","Sweden","Internet software & services",1.4
"2021-03-16","BitPanda","Austria","Fintech",4.11
"2021-03-16","Dutchie","United States","E-commerce & direct-to-consumer",3.75
"2021-03-16","PatSnap","Singapore","Internet software & services",1
"2021-03-16","Socure","United States","Cybersecurity",4.5
"2021-03-16","Unite Us","United States","Health",1.6
"2021-03-16","Weee!","United States","Supply chain, logistics, & delivery",4.1
"2021-03-17","Coalition","United States","Cybersecurity",5
"2021-03-17","Guoquan Shihui","China","Consumer & retail",2
"2021-03-17","Wiz","Israel","Cybersecurity",6
"2021-03-18","Relativity","United States","Internet software & services",3.6
"2021-03-18","Yotpo","United States","Internet software & services",1.4
"2021-03-19","ID.me","United States","Cybersecurity",1.5
"2021-03-22","Evidation","United States","Health",1
"2021-03-22","Side","United States","Internet software & services",2.5
"2021-03-23","Lattice","United States","Internet software & services",3
"2021-03-23","Orca Security","United States","Cybersecurity",1.8
"2021-03-23","Rec Room","United States","Internet software & services",3.5
"2021-03-24","Feedzai","United States","Artificial intelligence",1
"2021-03-24","Hopper","Canada","Travel",5
"2021-03-24","Pacaso","United States","Fintech",1.5
"2021-03-25","ABL Space Systems","United States","Other",2.4
"2021-03-25","Gorillas","Germany","Supply chain, logistics, & delivery",3.1
"2021-03-25","Grafana Labs","United States","Internet software & services",3
"2021-03-25","Pipa Coding","China","Edtech",1.2
"2021-03-26","Five Star Business Finance","India","Other",1.4
"2021-03-26","Getir","Turkey","Supply chain, logistics, & delivery",11.8
"2021-03-26","Pilot.com","United States","Fintech",1.2
"2021-03-29","Diamond Foundry","United States","Other",1.8
"2021-03-29","Ramp","United States","Fintech",8.1
"2021-03-29","Yunxuetang","China","Edtech",1
"2021-03-30","6Sense","United States","Artificial intelligence",5.2
"2021-03-30","Cameo","United States","Internet software & services",1
"2021-03-30","Dapper Labs","Canada","Internet software & services",7.6
"2021-03-30","Rightway","United States","Health",1.1
"2021-03-31","Fetch Rewards","United States","E-commerce & direct-to-consumer",2.5
"2021-03-31","Lendable","United Kingdom","Fintech",4.58
"2021-03-31","Tonal","United States","E-commerce & direct-to-consumer",1.6
"2021-04-05","Meesho","India","Internet software & services",4.9
"2021-04-06","CRED","India","Fintech",4.01
"2021-04-06","Sendbird","United States","Mobile & telecommunications",1.05
"2021-04-07","Groww","India","Fintech",3
"2021-04-07","J&T Express","Indonesia","Supply chain, logistics, & delivery",20
"2021-04-07","Phenom People","United States","Internet software & services",1.4
"2021-04-08","GupShup","United States","Internet software & services",1.4
"2021-04-08","ShareChat","India","Internet software & services",5
"2021-04-09","SaltPay","United Kingdom","Fintech",1
"2021-04-09","Skims","United States","E-commerce & direct-to-consumer",3.2
"2021-04-11","Hyperchain","China","Fintech",1
"2021-04-12","The Zebra","United States","E-commerce & direct-to-consumer",1
"2021-04-13","Aibee","China","Artificial intelligence",1
"2021-04-13","Clearcover","United States","Fintech",1
"2021-04-13","Degreed","United States","Edtech",1.4
"2021-04-13","SambaNova Systems","United States","Data management & analytics",5
"2021-04-14","Astranis Space Technologies","United States","Mobile & telecommunications",1.4
"2021-04-14","Benchling","United States","Internet software & services",6.1
"2021-04-14","Fiture","China","Health",1
"2021-04-14","Groq","United States","Artificial intelligence",1
"2021-04-14","Outschool","United States","Edtech",3
"2021-04-15","Signifyd","United States","Fintech",1.34
"2021-04-17","Wenheyou","China","Other",1.55
"2021-04-19","Alan","France","Fintech",2.85
"2021-04-20","ChargeBee Technologies","United States","Fintech",3.5
"2021-04-20","Clearco","Canada","Fintech",2
"2021-04-20","Injective Protocol","United States","Fintech",1
"2021-04-21","ActiveCampaign","United States","Internet software & services",3
"2021-04-21","Deel","United States","Fintech",12
"2021-04-21","Hive","United States","Artificial intelligence",2
"2021-04-21","Misfits Market","United States","Supply chain, logistics, & delivery",2
"2021-04-22","Sift","United States","Artificial intelligence",1
"2021-04-27","Cava Group","United States","Other",1.3
"2021-04-27","Clio","Canada","Internet software & services",1.6
"2021-04-27","Current","United States","Fintech",2.2
"2021-04-27","KRY","Sweden","Health",2
"2021-04-27","Urban Company","India","E-commerce & direct-to-consumer",2.1
"2021-04-28","Capsule","United States","Health",1
"2021-04-28","Sysdig","United States","Cybersecurity",2.5
"2021-04-29","MOLOCO","United States","Artificial intelligence",1.5
"2021-04-29","Paxos","United States","Fintech",2.4
"2021-04-29","Vectra Networks","United States","Artificial intelligence",1.2
"2021-04-30","Mux","United States","Internet software & services",1
"2021-05-03","SafetyCulture","Australia","Internet software & services",1.6
"2021-05-04","Firefly Aerospace","United States","Other",1.1
"2021-05-04","HoneyBook","United States","Internet software & services",2.4
"2021-05-04","Kajabi","United States","Internet software & services",2
"2021-05-05","Bitso","Mexico","Fintech",2.2
"2021-05-05","TensTorrent","Canada","Artificial intelligence",1
"2021-05-06","ReCharge","United States","Fintech",2.1
"2021-05-06","Shift Technology","France","Artificial intelligence",1
"2021-05-06","Valgen Medtech","China","Health",1.43
"2021-05-06","Zihaiguo","China","Consumer & retail",1
"2021-05-07","Ada Support","Canada","Artificial intelligence",1.2
"2021-05-08","Weilong","China","Consumer & retail",10.88
"2021-05-11","Beisen","China","Internet software & services",2
"2021-05-11","CircleCI","United States","Internet software & services",1.7
"2021-05-11","Ethos","United States","Fintech",2.7
"2021-05-12","Caris Life Sciences","United States","Health",7.83
"2021-05-12","Forte Labs","United States","Fintech",1.73
"2021-05-12","Handshake","United States","Internet software & services",3.5
"2021-05-12","Inari","United States","Other",1.2
"2021-05-13","Axtria","United States","Data management & analytics",1
"2021-05-13","MasterClass","United States","Edtech",2.75
"2021-05-17","Amount","United States","Fintech",1
"2021-05-17","Moglix","Singapore","E-commerce & direct-to-consumer",2.6
"2021-05-18","Back Market","France","E-commerce & direct-to-consumer",5.7
"2021-05-18","DailyPay","United States","Fintech",1.2
"2021-05-18","Extend","United States","Fintech",1.36
"2021-05-18","Vise","United States","Fintech",1
"2021-05-19","ASAPP","United States","Artificial intelligence",1.6
"2021-05-19","Cognite","Norway","Data management & analytics",1.5
"2021-05-19","Pipe","United States","Fintech",2
"2021-05-19","Star Charge","China","Auto & transportation",2.41
"2021-05-20","Black Unicorn Factory","United States","Other",6.1
"2021-05-20","Loom","United States","Internet software & services",1.53
"2021-05-20","Sunbit","United States","Fintech",1.1
"2021-05-20","Trade Republic","Germany","Fintech",5.36
"2021-05-24","Aurora Solar","United States","Internet software & services",4
"2021-05-24","Huisuanzhang","China","Fintech",1.28
"2021-05-24","Noom","United States","Health",3.7
"2021-05-24","Printful","United States","Other",1
"2021-05-24","Zeta","United States","Fintech",1.5
"2021-05-25","Bowery Farming","United States","Other",2.3
"2021-05-25","ContentSquare","France","Internet software & services",5.6
"2021-05-25","Snapdocs","United States","Fintech",1.5
"2021-05-26","DataStax","United States","Data management & analytics",1.6
"2021-05-26","SpotOn","United States","Fintech",3.6
"2021-05-31","Chipper Cash","United States","Fintech",2
"2021-06-01","Exabeam","United States","Cybersecurity",2.4
"2021-06-01","ManyPets","United Kingdom","Fintech",2.35
"2021-06-01","Matrixport","Singapore","Fintech",1.05
"2021-06-01","Project44","United States","Supply chain, logistics, & delivery",2.62
"2021-06-01","XForcePlus","China","Internet software & services",1
"2021-06-02","Oda","Norway","E-commerce & direct-to-consumer",1.2
"2021-06-02","Qingting FM","China","Internet software & services",1.1
"2021-06-02","Shippo","United States","Supply chain, logistics, & delivery",1
"2021-06-02","Thirty Madison","United States","Health",1
"2021-06-03","Alation","United States","Internet software & services",1.2
"2021-06-03","ZongMu Technology","China","Auto & transportation",11.4
"2021-06-07","LetsGetChecked","Ireland","Health",1
"2021-06-07","Trulioo","Canada","Cybersecurity",1.75
"2021-06-08","Morning Consult","United States","Internet software & services",1
"2021-06-08","Scalable Capital","Germany","Fintech",1.4
"2021-06-08","SmartHR","Japan","Fintech",1.6
"2021-06-08","SSENSE","Canada","E-commerce & direct-to-consumer",4.15
"2021-06-08","VerbIT","United States","Artificial intelligence",2
"2021-06-09","Aura","United States","Cybersecurity",2.5
"2021-06-10","Cerebral","United States","Health",4.8
"2021-06-10","Clip","Mexico","Fintech",2
"2021-06-10","EcoFlow","China","Hardware",1
"2021-06-10","Ledger","France","Hardware",1.5
"2021-06-14","Carro","Singapore","E-commerce & direct-to-consumer",1
"2021-06-14","Next Silicon","Israel","Hardware",1.5
"2021-06-15","Addepar","United States","Fintech",2.17
"2021-06-15","IRL","United States","Internet software & services",1.17
"2021-06-15","Iterable","United States","Internet software & services",2
"2021-06-15","Xiaoe Tech","China","Internet software & services",1
"2021-06-15","Yaoshibang","China","Health",1.35
"2021-06-16","Bringg","Israel","Supply chain, logistics, & delivery",1
"2021-06-16","BrowserStack","Ireland","Internet software & services",4
"2021-06-16","Guideline","United States","Fintech",1.15
"2021-06-16","Motif FoodWorks","United States","Consumer & retail",2.2
"2021-06-16","Tractable","United Kingdom","Artificial intelligence",1
"2021-06-17","Claroty","United States","Cybersecurity",1
"2021-06-17","Neo4j","United States","Data management & analytics",2
"2021-06-18","Bunq","Netherlands","Fintech",2
"2021-06-21","Amber Group","Hong Kong","Fintech",3
"2021-06-21","Forto","Germany","Supply chain, logistics, & delivery",2.1
"2021-06-21","JoyTunes","Israel","Edtech",1
"2021-06-22","G2","United States","Internet software & services",1.1
"2021-06-22","GoStudent","Austria","Edtech",3.5
"2021-06-22","Transmit Security","Israel","Cybersecurity",2.74
"2021-06-23","Aircall","United States","Internet software & services",1
"2021-06-23","Vercel","United States","Internet software & services",2.5
"2021-06-24","SmartAsset","United States","Fintech",1
"2021-06-24","SmartMore","China","Artificial Intelligence",1.2
"2021-06-29","Lucid Software","United States","Internet software & services",3
"2021-06-29","ShipBob","United States","Supply chain, logistics, & delivery",1
"2021-06-29","Visier","Canada","Internet software & services",1
"2021-06-29","Worldcoin","United States","Fintech",1
"2021-06-29","YunQuNa","China","Supply chain, logistics, & delivery",1.5
"2021-06-30","dbt Labs","United States","Data management & analytics",4.2
"2021-06-30","Dream Games","Turkey","Mobile & telecommunications",2.75
"2021-06-30","Moveworks","United States","Artificial intelligence",2.1
"2021-07-01","Articulate","United States","Edtech",3.75
"2021-07-01","bolttech","Singapore","Fintech",1
"2021-07-01","Kitopi","United Arab Emirates","Supply chain, logistics, & delivery",1.55
"2021-07-01","Rohlik Group","Czech Republic","Supply chain, logistics, & delivery",1.2
"2021-07-03","Mercury","United States","Fintech",1.6
"2021-07-05","ManoMano","France","E-commerce & direct-to-consumer",2.6
"2021-07-06","Pleo","Denmark","Fintech",4.7
"2021-07-07","MobileCoin","United States","Fintech",1.06
"2021-07-08","1Password","Canada","Cybersecurity",6.8
"2021-07-08","Coda","United States","Internet software & services",1.4
"2021-07-09","Kurly","South Korea","Supply chain, logistics, & delivery",3.3
"2021-07-12","Carsome","Malaysia","E-commerce & direct-to-consumer",1.7
"2021-07-12","dMed Biopharmaceutical","China","Health",1
"2021-07-12","Lunar","Denmark","Fintech",2
"2021-07-12","Xiaobing","China","Fintech",1
"2021-07-13","Amperity","United States","Artificial intelligence",1
"2021-07-13","Flock Safety","United States","Hardware",3.5
"2021-07-13","impact.com","United States","Internet software & services",1.5
"2021-07-13","NIUM","Singapore","Fintech",1
"2021-07-13","Pantheon Systems","United States","Internet software & services",1
"2021-07-13","Prime Medicine","United States","Health",1.2
"2021-07-13","Remote","United States","Fintech",3
"2021-07-13","solarisBank","Germany","Fintech",1.65
"2021-07-13","Sourcegraph","United States","Internet software & services",2.62
"2021-07-14","Carson Group","United States","Fintech",1
"2021-07-14","M1","United States","Fintech",1.45
"2021-07-19","GO1","Australia","Internet software & services",1
"2021-07-19","Nature's Fynd","United States","Consumer & retail",1
"2021-07-20","FTX","Bahamas","Fintech",32
"2021-07-20","MURAL","United States","Internet software & services",2
"2021-07-20","OpenSea","United States","Internet software & services",13.3
"2021-07-20","SmartRecruiters","United States","Internet software & services",1.5
"2021-07-21","Carbon Health","United States","Health",3
"2021-07-21","FloQast","United States","Fintech",1.2
"2021-07-22","BlackBuck","India","Supply chain, logistics, & delivery",1
"2021-07-22","Dunamu","South Korea","Fintech",1
"2021-07-22","Interos","United States","Supply chain, logistics, & delivery",1
"2021-07-26","NotCo","Chile","Consumer & retail",1.5
"2021-07-27","At-Bay","United States","Fintech",1.12
"2021-07-27","Fireblocks","United States","Fintech",8
"2021-07-27","iCapital Network","United States","Fintech",6
"2021-07-27","PsiQuantum","United States","Hardware",3.15
"2021-07-28","Algolia","United States","Internet software & services",2.25
"2021-07-28","Contentful","Germany","Internet software & services",3
"2021-07-28","Redwood Materials","United States","Other",3.7
"2021-07-28","SonderMind","United States","Health",1.42
"2021-07-29","Culture Amp","Australia","Internet software & services",1.5
"2021-07-29","Odoo","Belgium","Internet software & services",2.3
"2021-07-30","BharatPe","India","Fintech",2.85
"2021-07-31","OfBusiness","India","E-commerce & direct-to-consumer",5
"2021-08-03","MindTickle","United States","Internet software & services",1.2
"2021-08-03","Unico","Brazil","Artificial intelligence",2.6
"2021-08-04","FullStory","United States","Internet software & services",1.8
"2021-08-04","Human Interest","United States","Fintech",1
"2021-08-04","TaxBit","United States","Fintech",1.5
"2021-08-05","Bluecore","United States","Artificial intelligence",1
"2021-08-09","Snorkel AI","United States","Artificial intelligence",1
"2021-08-09","UpGrad","India","Edtech",2.25
"2021-08-10","CoinDCX","India","Fintech",2.15
"2021-08-10","FalconX","United States","Fintech",8
"2021-08-10","Freshbooks","Canada","Fintech",1
"2021-08-10","LaunchDarkly","United States","Internet software & services",3
"2021-08-10","Reify Health","United States","Health",4.8
"2021-08-11","People.ai","United States","Internet software & services",1.1
"2021-08-11","XtalPi","China","Artificial intelligence",2
"2021-08-12","Eruditus Executive Education","India","Edtech",3.2
"2021-08-13","Divvy Homes","United States","Fintech",2
"2021-08-13","Uala","Argentina","Fintech",2.45
"2021-08-16","DistroKid","United States","Internet software & services",1.3
"2021-08-16","Gelato","Norway","E-commerce & direct-to-consumer",1
"2021-08-16","Shukun Technology","China","Artificial Intelligence",1.46
"2021-08-17","Maven Clinic","United States","Health",1
"2021-08-17","Nuvemshop","Brazil","E-commerce & direct-to-consumer",3.1
"2021-08-20","DriveWealth","United States","Fintech",2.85
"2021-08-20","Zetwerk","India","Internet software & services",2.68
"2021-08-23","Opay","Nigeria","Fintech",2
"2021-08-23","ZEPZ","United Kingdom","Fintech",5
"2021-08-24","Blockstream","Canada","Fintech",3.2
"2021-08-24","Shield AI","United States","Artificial intelligence",1
"2021-08-25","Cribl","United States","Data management & analytics",2.5
"2021-08-26","PicsArt","United States","Mobile & telecommunications",1
"2021-08-30","1KMXC","China","Hardware",1
"2021-08-31","Offchain Labs","United States","Internet software & services",1.2
"2021-09-01","Berlin Brands Group","Germany","E-commerce & direct-to-consumer",1
"2021-09-02","Cider","Hong Kong","E-commerce & direct-to-consumer",1
"2021-09-02","HomeLight","United States","Fintech",1.7
"2021-09-07","Wave","Senegal","Fintech",1.7
"2021-09-08","Aviatrix","United States","Internet software & services",2
"2021-09-08","CloudWalk","Brazil","Fintech",2.15
"2021-09-08","Marshmallow","United Kingdom","Fintech",1.25
"2021-09-08","Nexii","Canada","Other",1.23
"2021-09-08","Spiber","Japan","Other",1.22
"2021-09-09","Agile Robots","Germany","Hardware",1
"2021-09-09","Mammoth Biosciences","United States","Health",1
"2021-09-09","Orchard","United States","Fintech",1
"2021-09-09","Varo Bank","United States","Fintech",2.5
"2021-09-10","Solugen","United States","Other",1.5
"2021-09-13","BitSight Technologies","United States","Cybersecurity",2.4
"2021-09-13","Copado","United States","Data management & analytics",1.2
"2021-09-13","JumpCloud","United States","Data management & analytics",2.62
"2021-09-13","STORD","United States","Supply chain, logistics, & delivery",1.3
"2021-09-14","1047 Games","United States","Internet software & services",1.5
"2021-09-14","GrubMarket","United States","E-commerce & direct-to-consumer",1.2
"2021-09-14","Nextiva","United States","Internet software & services",2.7
"2021-09-14","Xendit","Indonesia","Fintech",1
"2021-09-15","apna","India","Internet software & services",1.1
"2021-09-15","Carousell","Singapore","E-commerce & direct-to-consumer",1.1
"2021-09-15","CFGI","United States","Fintech",1.85
"2021-09-15","Keenon Robotics","China","Supply chain, logistics, & delivery",1
"2021-09-15","Matillion","United Kingdom","Data management & analytics",1.5
"2021-09-15","Mobile Premier League","India","Internet software & services",2.45
"2021-09-15","Persona","United States","Cybersecurity",1.5
"2021-09-16","Commure","United States","Internet software & services",3.5
"2021-09-16","Rebellion Defense","United States","Artificial intelligence",1.15
"2021-09-16","Spring Health","United States","Health",2
"2021-09-16","Whatnot","United States","E-commerce & direct-to-consumer",3.7
"2021-09-21","Assembly","United States","Internet software & services",1
"2021-09-21","BlockDaemon","United States","Fintech",3.25
"2021-09-21","Sorare","France","Internet software & services",4.3
"2021-09-21","TrueLayer","United Kingdom","Fintech",1
"2021-09-22","Black Sesame Technologies","China","Artificial intelligence",2
"2021-09-22","PandaDoc","United States","Internet software & services",1
"2021-09-23","Advance Intelligence Group","Singapore","Artificial intelligence",2
"2021-09-23","Opentrons","United States","Hardware",1.8
"2021-09-23","Prometheus","United States","Other",1.5
"2021-09-24","HAYDON","China","Consumer & retail",1
"2021-09-27","Ascend Money","Thailand","Fintech",1.5
"2021-09-27","Ninja Van","Singapore","Supply chain, logistics, & delivery",1
"2021-09-28","Gem","United States","Internet software & services",1.2
"2021-09-29","Andela","United States","Internet software & services",1.5
"2021-09-29","Betterment","United States","Fintech",1.3
"2021-09-29","Konfio","Mexico","Fintech",1.3
"2021-09-29","Vedantu","India","Edtech",1
"2021-09-30","Alloy","United States","Fintech",1.35
"2021-09-30","Built","United States","Internet software & services",1.5
"2021-09-30","TrialSpark","United States","Health",1
"2021-10-04","Ajaib","Indonesia","Fintech",1
"2021-10-04","Sky Mavis","Vietnam","Internet software & services",3
"2021-10-05","Honor Technology","United States","Internet software & services",1.25
"2021-10-05","Licious","India","E-commerce & direct-to-consumer",1
"2021-10-05","Masterworks","United States","Fintech",1
"2021-10-06","CoinSwitch Kuber","India","Fintech",1.9
"2021-10-06","Elemy","United States","Health",1.15
"2021-10-06","Modern Treasury","United States","Fintech",2
"2021-10-06","Pattern","United States","Internet software & services",2.25
"2021-10-07","Chronosphere","United States","Data management & analytics",1
"2021-10-07","Rebel Foods","India","E-commerce & direct-to-consumer",1.4
"2021-10-07","Solo.io","United States","Internet software & services",1
"2021-10-08","Bolt","United States","Fintech",11
"2021-10-11","Swile","France","Fintech",1
"2021-10-12","Celsius Network","United States","Fintech",3.5
"2021-10-12","Hailo","Israel","Artificial intelligence",1
"2021-10-12","Hibob","Israel","Internet software & services",2.45
"2021-10-13","CarDekho","India","E-commerce & direct-to-consumer",1.2
"2021-10-13","GoodLeap","United States","Internet software & services",12
"2021-10-13","Karat","United States","Internet software & services",1.1
"2021-10-13","MobiKwik","India","Fintech",1
"2021-10-13","Vuori","United States","E-commerce & direct-to-consumer",4
"2021-10-13","Weights & Biases","United States","Artificial intelligence",1
"2021-10-14","TradingView","United States","Fintech",3
"2021-10-15","CoinList","United States","Fintech",1.5
"2021-10-18","Aiven","Finland","Internet software & services",3.21
"2021-10-18","Enpal","Germany","Internet software & services",1.1
"2021-10-19","Zopa","United Kingdom","Fintech",1
"2021-10-20","Flock Freight","United States","Supply chain, logistics, & delivery",1.3
"2021-10-21","candy.com","United States","Internet software & services",1.5
"2021-10-21","CargoX","Brazil","Supply chain, logistics, & delivery",1
"2021-10-21","Dental Monitoring","France","Health",1
"2021-10-21","VideoAmp","United States","Internet software & services",1.4
"2021-10-25","Tier","Germany","Travel",2
"2021-10-26","Augury","United States","Artificial intelligence",1
"2021-10-26","Cambrian BioPharma","United States","Health",1.79
"2021-10-26","Devo Technology","United States","Data management & analytics",2
"2021-10-26","Fabric","United States","Supply chain, logistics, & delivery",1
"2021-10-26","Medable","United States","Health",2.1
"2021-10-27","Truepill","United States","Health",1.6
"2021-10-28","Acko General Insurance","India","Fintech",1.1
"2021-10-28","Alchemy","United States","Fintech",10.2
"2021-10-28","ClickHouse","United States","Data management & analytics",2
"2021-10-28","Dragos","United States","Cybersecurity",1.7
"2021-10-28","Rad Power Bikes","United States","Auto & transportation",1.4
"2021-10-28","YugaByte","United States","Data management & analytics",1.3
"2021-11-01","Digital Currency Group","United States","Fintech",10
"2021-11-01","Mynt","Philippines","Fintech",2
"2021-11-02","Moka","China","Internet software & services",1
"2021-11-02","Tezign","China","Internet software & services",1
"2021-11-03","Vagaro","United States","Internet software & services",1
"2021-11-04","Mythical Games","United States","Internet software & services",1.25
"2021-11-04","Papa","United States","Health",1.4
"2021-11-04","Reltio","United States","Data management & analytics",1.7
"2021-11-05","Helion Energy","United States","Other",3.5
"2021-11-07","H2O.ai","United States","Artificial intelligence",1.7
"2021-11-08","Drata","United States","Cybersecurity",1
"2021-11-08","IGAWorks","South Korea","Internet software & services",1
"2021-11-08","Razor","Germany","Consumer & retail",1
"2021-11-09","Contrast Security","United States","Cybersecurity",1
"2021-11-09","OpenWeb","United States","Internet software & services",1
"2021-11-09","ZenBusiness","United States","Fintech",1.7
"2021-11-10","CureFit","India","Health",1.5
"2021-11-10","Density","United States","Hardware",1.05
"2021-11-10","Gaussian Robotics","China","Hardware",1.1
"2021-11-10","Lusha","United States","Internet software & services",1.5
"2021-11-10","MyGlamm","India","E-commerce & direct-to-consumer",1.2
"2021-11-10","Wrapbook","United States","Fintech",1
"2021-11-10","Zilch","United Kingdom","Fintech",2
"2021-11-11","Ample","United States","Hardware",1.02
"2021-11-15","Mixpanel","United States","Internet software & services",1.05
"2021-11-16","Daily Harvest","United States","E-commerce & direct-to-consumer",1.1
"2021-11-16","Heyday","United States","E-commerce & direct-to-consumer",1
"2021-11-16","Mensa Brands","India","Other",1
"2021-11-17","ConsenSys","United States","Fintech",7
"2021-11-17","Netlify","United States","Internet software & services",2
"2021-11-17","PLACE","United States","Internet software & services",1
"2021-11-17","StarkWare","Israel","Cybersecurity",8
"2021-11-18","Expel","United States","Cybersecurity",1
"2021-11-18","Generate Biomedicines","United States","Health",1.36
"2021-11-18","Owkin","United States","Artificial Intelligence",1
"2021-11-18","Stytch","United States","Cybersecurity",1
"2021-11-19","Gemini","United States","Fintech",7.1
"2021-11-22","LTK","United States","Internet software & services",2
"2021-11-22","MoonPay","United States","Fintech",3.4
"2021-11-22","SWORD Health","United States","Health",2
"2021-11-23","NoBroker","India","Internet software & services",1
"2021-11-24","Spinny","India","E-commerce & direct-to-consumer",1.75
"2021-11-28","Slice","India","Fintech",1.8
"2021-11-29","Abogen","China","Health",3.7
"2021-11-29","Motorway","United Kingdom","E-commerce & direct-to-consumer",1.33
"2021-11-29","Thought Machine","United Kingdom","Fintech",2.7
"2021-11-29","Upstox","India","Fintech",3.4
"2021-11-30","Fundbox","United States","Fintech",1.1
"2021-11-30","Lessen","United States","Internet software & services",1
"2021-11-30","The Bank of London","United Kingdom","Fintech",1.1
"2021-12-01","Flink","Germany","E-commerce & direct-to-consumer",2.85
"2021-12-01","Iodine Software","United States","Data management & analytics",1
"2021-12-01","Jobandtalent","Spain","Internet software & services",2.35
"2021-12-01","ReliaQuest","United States","Cybersecurity",1
"2021-12-02","Jokr","United States","Supply chain, logistics, & delivery",1.2
"2021-12-02","Panther Labs","United States","Cybersecurity",1.4
"2021-12-06","Clara","Mexico","Fintech",1
"2021-12-06","Pet Circle","Australia","E-commerce & direct-to-consumer",1
"2021-12-06","YipitData","United States","Internet software & services",1
"2021-12-07","AgentSync","United States","Fintech",1.2
"2021-12-07","Anyscale","United States","Artificial Intelligence",1
"2021-12-07","Incode Technologies","United States","Cybersecurity",1.25
"2021-12-07","Pristyn Care","India","Health",1.4
"2021-12-07","Saliogen Therapeutics","United States","Health",1.7
"2021-12-08","Lydia","France","Fintech",1
"2021-12-08","ONE","Singapore","Internet software & services",1
"2021-12-09","CloudBees","United States","Data management & analytics",1.15
"2021-12-09","Merama","Mexico","E-commerce & direct-to-consumer",1.2
"2021-12-09","SellerX","Germany","E-commerce & direct-to-consumer",1
"2021-12-10","MoMo","Vietnam","Fintech",2.27
"2021-12-13","SnapLogic","United States","Internet software & services",1
"2021-12-14","Cadence","United States","Health",1
"2021-12-15","Anchorage Digital","United States","Fintech",3
"2021-12-15","Noname Security","United States","Cybersecurity",1
"2021-12-15","Olist","Brazil","E-commerce & direct-to-consumer",1.5
"2021-12-15","TUNGEE","China","Artificial Intelligence",1.3
"2021-12-16","Chipone","China","Hardware",4.73
"2021-12-16","InFarm","Germany","Other",1
"2021-12-16","Rokt","United States","Internet software & services",1.95
"2021-12-17","Airbyte","United States","Internet software & services",1.5
"2021-12-20","Figment","Canada","Internet software & services",1.4
"2021-12-20","Turing","United States","Internet software & services",1.1
"2021-12-21","Rothy's","United States","Consumer & retail",1
"2021-12-21","Tackle.io","United States","Internet software & services",1.25
"2021-12-21","Veho","United States","Supply chain, logistics, & delivery",1.5
"2021-12-21","VOI","Sweden","Travel",1
"2021-12-22","Haomao.AI","China","Artificial Intelligence",1
"2021-12-22","Retool","United States","Internet software & services",3.2
"2021-12-27","Kopi Kenangan","Indonesia","Consumer & retail",1
"2021-12-27","Paradox","United States","Internet software & services",1.5
"2021-12-28","GlobalBees","India","E-commerce & direct-to-consumer",1.1
"2021-12-28","Mamaearth","India","E-commerce & direct-to-consumer",1.07
"2021-12-31","Einride","Sweden","Auto & transportation",1.44
"2022-01-04","StoreDot","Israel","Other",1.5
"2022-01-05","Fractal Analytics","India","Data management & analytics",1
"2022-01-05","Miro","United States","Internet software & services",17.5
"2022-01-06","Assent","Canada","Supply chain, logistics, & delivery",1
"2022-01-06","Eikon Therapeutics","United States","Health",3.2
"2022-01-06","PayFit","United Kingdom","Fintech",2.1
"2022-01-10","Ankorstore","France","E-commerce & direct-to-consumer",1.98
"2022-01-10","Il Makiage","United States","E-commerce & direct-to-consumer",1.5
"2022-01-11","CAIS","United States","Fintech",1.1
"2022-01-11","Envoy","United States","Internet software & services",1.4
"2022-01-11","iTrustCapital","United States","Fintech",1.3
"2022-01-11","Pentera","Israel","Cybersecurity",1
"2022-01-11","Qonto","France","Fintech",5
"2022-01-11","Transcarent","United States","Health",1.62
"2022-01-12","Accelerant","United Kingdom","Other",2.19
"2022-01-12","BigPanda","United States","Artificial intelligence",1.2
"2022-01-12","Placer.ai","United States","Artificial intelligence",1
"2022-01-12","SeekOut","United States","Internet software & services",1.2
"2022-01-12","TravelPerk","Spain","Travel",1.3
"2022-01-13","Flipdish","Ireland","Internet software & services",1.25
"2022-01-13","Inxeption","United States","Fintech",3
"2022-01-13","LEAD School","India","Edtech",1.1
"2022-01-14","Lukka","United States","Fintech",1.3
"2022-01-17","Exotec","France","Hardware",2
"2022-01-18","Ironclad","United States","Internet software & services",3.2
"2022-01-18","Spendesk","France","Fintech",1.5
"2022-01-19","Wheel","United States","Health",1.01
"2022-01-20","Autograph","United States","Internet software & services",3.66
"2022-01-21","Route","United States","Supply chain, logistics, & delivery",1.25
"2022-01-24","Deliverect","Belgium","Fintech",1.4
"2022-01-24","Globalization Partners","United States","Internet software & services",4.2
"2022-01-24","RIDI","South Korea","E-commerce & direct-to-consumer",1.33
"2022-01-25","Athletic Greens","United States","Health",1.32
"2022-01-25","Darwinbox","India","Internet software & services",1
"2022-01-25","SparkCognition","United States","Artificial intelligence",1.4
"2022-01-26","CaptivateIQ","United States","Fintech",1.25
"2022-01-26","Fever Labs","United States","Internet software & services",1
"2022-01-26","Firebolt","Israel","Data management & analytics",1.4
"2022-01-26","Minio","United States","Data management & analytics",1
"2022-01-26","Veriff","Estonia","Artificial intelligence",1.5
"2022-01-27","CoinTracker","United States","Fintech",1.3
"2022-01-27","DealShare","India","E-commerce & direct-to-consumer",1.7
"2022-01-27","Domestika","United States","Internet software & services",1.3
"2022-01-27","Esusu","United States","Fintech",1
"2022-01-31","Athelas","United States","Health",1.5
"2022-01-31","Phantom","United States","Fintech",1.2
"2022-02-01","Betterfly","Chile","Artificial intelligence",1
"2022-02-01","Clipboard Health","United States","Internet software & services",1.3
"2022-02-01","Loadsmart","United States","Supply chain, logistics, & delivery",1.3
"2022-02-01","Wayflyer","Ireland","Fintech",1.6
"2022-02-02","Dune Analytics","Norway","Data management & analytics",1
"2022-02-02","Productboard","United States","Internet software & services",1.7
"2022-02-07","Aleo","United States","Cybersecurity",1.45
"2022-02-07","ElasticRun","India","Supply chain, logistics, & delivery",1.5
"2022-02-08","GoCardless","United Kingdom","Fintech",2.1
"2022-02-08","Happy Money","United States","Fintech",1.15
"2022-02-08","LivSpace","India","E-commerce & direct-to-consumer",1.2
"2022-02-08","Watershed","United States","Internet software & services",1
"2022-02-09","Scandit","Switzerland","Supply chain, logistics, & delivery",1
"2022-02-09","Xpressbees","India","Supply chain, logistics, & delivery",1.2
"2022-02-10","Salt Security","United States","Cybersecurity",1.4
"2022-02-11","Cross River Bank","United States","Fintech",3
"2022-02-14","Epirus","United States","Other",1.35
"2022-02-14","Neon","Brazil","Fintech",1.38
"2022-02-14","Payhawk","United Kingdom","Fintech",1
"2022-02-14","Tripledot","United Kingdom","Mobile & telecommunications",1.4
"2022-02-15","Akulaku","Indonesia","E-commerce & direct-to-consumer",2
"2022-02-15","Axelar","Canada","Internet software & services",1
"2022-02-15","Cloudinary","United States","Internet software & services",2
"2022-02-15","G7 Networks","China","Supply chain, logistics, & delivery",2.2
"2022-02-15","Kallyope","United States","Health",1.22
"2022-02-16","Spotter","United States","Fintech",1.7
"2022-02-16","Temporal","United States","Internet software & services",1.5
"2022-02-16","Uniphore","United States","Artificial Intelligence",2.5
"2022-02-17","RELEX","Finland","Supply chain, logistics, & delivery",5.7
"2022-02-18","ICON 3D","United States","Hardware",1.57
"2022-02-22","Beyond Identity","United States","Cybersecurity",1.1
"2022-02-22","CHEQ","United States","Cybersecurity",1
"2022-02-22","eSentire","Canada","Cybersecurity",1.1
"2022-02-22","Hasura","India","Internet software & services",1
"2022-02-22","Hozon Auto","China","Auto & transportation",3.95
"2022-02-22","Nova Labs","United States","Internet software & services",1.2
"2022-02-22","Timescale","United States","Internet software & services",1
"2022-02-23","BloomReach","United States","Artificial intelligence",2.2
"2022-02-23","BlueVoyant","United States","Cybersecurity",1
"2022-02-23","Omada Health","United States","Health",1
"2022-02-23","Scalapay","Italy","Fintech",1
"2022-02-23","Somatus","United States","Health",2.5
"2022-02-24","Fabric","United States","E-commerce & direct-to-consumer",1.5
"2022-02-24","Veev","United States","Internet software & services",1
"2022-02-24","Vendr","United States","Fintech",1
"2022-02-28","Insider","Turkey","Internet software & services",1.22
"2022-03-01","Branch","United States","Fintech",1.05
"2022-03-01","Visby Medical","United States","Health",1.12
"2022-03-03","thatgamecompany","United States","Internet software & services",1.94
"2022-03-04","Volocopter","Germany","Auto & transportation",1.87
"2022-03-07","CredAvenue","India","Fintech",1.3
"2022-03-07","Gauntlet Networks","United States","Fintech",1
"2022-03-07","Immutable","Australia","Fintech",2.5
"2022-03-09","A24 Films","United States","Other",2.5
"2022-03-09","Acorns","United States","Fintech",1.9
"2022-03-10","Roofstock","United States","Fintech",1.94
"2022-03-14","Jeeves","United States","Fintech",2.1
"2022-03-15","Aptos","United States","Internet software & services",1
"2022-03-15","JMGO","China","Hardware",1.26
"2022-03-15","Staffbase","Germany","Internet software & services",1.1
"2022-03-16","Amagi","India","Internet software & services",1
"2022-03-16","FLASH","United States","Fintech",1
"2022-03-16","LinkTree","Australia","Internet software & services",1.3
"2022-03-16","SiFive","United States","Hardware",2.5
"2022-03-17","Cresta","United States","Artificial Intelligence",1.6
"2022-03-17","Optimism","United States","Internet software & services",1.65
"2022-03-21","CommerceIQ","United States","Artificial Intelligence",1
"2022-03-21","Glia","United States","Fintech",1
"2022-03-22","Capitolis","United States","Fintech",1.6
"2022-03-22","Yuga Labs","United States","Internet software & services",4
"2022-03-23","Island","United States","Internet software & services",1.3
"2022-03-23","RapidAPI","United States","Internet software & services",1
"2022-03-23","Tarana Wireless","United States","Mobile & telecommunications",1
"2022-03-29","ConcertAI","United States","Artificial Intelligence",1.9
"2022-03-29","Electric","United States","Cybersecurity",1
"2022-03-30","Games24x7","India","Internet software & services",2.5
"2022-03-30","LayerZero Labs","United States","Internet software & services",1
"2022-03-31","CertiK","United States","Cybersecurity",2
"2022-03-31","Chief","United States","Other",1.1
"2022-04-02","Greater Bay Technology","China","Hardware",1.26
"2022-04-05","Boba","United States","Fintech",1.5
"2022-04-05","Clarify Health","United States","Health",1.4
"2022-04-05","Oura","Finland","Health",2.55
"2022-04-06","BostonGene","United States","Health",1
"2022-04-06","IntelyCare","United States","Health",1.1
"2022-04-07","Grover","Germany","E-commerce & direct-to-consumer",1
"2022-04-07","Nord Security","Lithuania","Cybersecurity",1.6
"2022-04-07","Viz.ai","United States","Artificial Intelligence",1.2
"2022-04-11","Pax8","United States","Internet software & services",1.7
"2022-04-12","Choco","Germany","E-commerce & direct-to-consumer",1.2
"2022-04-12","Genies","United States","Internet software & services",1
"2022-04-12","Newfront Insurance","United States","Fintech",2.2
"2022-04-13","Gokin Solar","China","Other",1.51
"2022-04-13","Salsify","United States","Internet software & services",2
"2022-04-15","Coda Payments","Singapore","Fintech",2.5
"2022-04-19","Beta Technologies","United States","Other",2.4
"2022-04-19","Tessera Therapeutics","United States","Health",1.69
"2022-04-20","Oyster","United States","Fintech",1
"2022-04-20","The Boring Company","United States","Other",5.7
"2022-04-21","Crusoe","United States","Internet software & services",1.75
"2022-04-21","Instabox","Sweden","Supply chain, logistics, & delivery",1
"2022-04-21","NexHealth","United States","Health",1
"2022-04-21","UPSIDE Foods","United States","Other",1
"2022-04-25","Divergent 3D","United States","Auto & transportation",1
"2022-04-26","0x","United States","Fintech",1.05
"2022-04-26","Biofourmis","United States","Health",1.3
"2022-04-26","SonarSource","Switzerland","Internet software & services",4.7
"2022-04-26","Upside","United States","Mobile & telecommunications",1.5
"2022-04-28","Movable Ink","United States","Internet software & services",1.36
"2022-04-28","Taxfix","Germany","Fintech",1
"2022-04-29","ROX Motor","China","Auto & transportation",2
"2022-04-29","SOURCE Global","United States","Other",1.16
"2022-05-02","Open","India","Fintech",1
"2022-05-03","Polarium","Sweden","Other",1
"2022-05-03","Teleport","United States","Cybersecurity",1.1
"2022-05-06","Material Bank","United States","E-commerce & direct-to-consumer",1.9
"2022-05-09","Bucketplace","South Korea","E-commerce & direct-to-consumer",1.4
"2022-05-09","Hugging Face","United States","Artificial intelligence",2
"2022-05-09","Mashgin","United States","Artificial intelligence",1.5
"2022-05-09","Opn","Japan","Fintech",1
"2022-05-09","Paddle","United Kingdom","Fintech",1.4
"2022-05-10","Abnormal Security","United States","Cybersecurity",4
"2022-05-10","Arcadia","United States","Other",1.48
"2022-05-10","KuCoin","Seychelles","Fintech",10
"2022-05-10","Remarkable","Norway","Internet software & services",1
"2022-05-10","Talos","United States","Fintech",1.25
"2022-05-11","Habi","Colombia","Fintech",1
"2022-05-11","Material Security","United States","Cybersecurity",1.1
"2022-05-12","Dock","Brazil","Fintech",1.5
"2022-05-16","Optibus","Israel","Supply chain, logistics, & delivery",1.3
"2022-05-17","Imply Data","United States","Data management & analytics",1.1
"2022-05-17","Unit","United States","Fintech",1.2
"2022-05-18","Glean","United States","Internet software & services",1
"2022-05-22","TransferMate","Ireland","Fintech",1
"2022-05-23","Caribou","United States","Fintech",1.1
"2022-05-24","Monte Carlo","United States","Artificial intelligence",1.6
"2022-05-24","Nowports","Mexico","Supply chain, logistics, & delivery",1.1
"2022-05-25","Babel Finance","Hong Kong","Fintech",2
"2022-05-25","Zip","United States","Fintech",1.2
"2022-06-01","Rimac Automobili","Croatia","Auto & transportation",2
"2022-06-02","JupiterOne","United States","Cybersecurity",1
"2022-06-06","Perimeter 81","Israel","Cybersecurity",1
"2022-06-06","Vayyar","Israel","Hardware",1
"2022-06-07","Kushki","Ecuador","Fintech",1.5
"2022-06-07","PhysicsWallah","India","Edtech",1.1
"2022-06-07","Vanta","United States","Cybersecurity",1.6
"2022-06-07","ZigBang","South Korea","Mobile & telecommunications",1.93
"2022-06-08","CareBridge","United States","Health",1
"2022-06-08","Immuta","United States","Data management & analytics",1
"2022-06-08","Multiverse","United Kingdom","Edtech",1.7
"2022-06-09","BackBase","Netherlands","Fintech",2.66
"2022-06-09","Purplle","India","E-commerce & direct-to-consumer",1.1
"2022-06-09","Recover","Spain","Other",1.1
"2022-06-13","Cirkul","United States","Consumer & retail",1.07
"2022-06-14","EcoVadis","France","Supply chain, logistics, & delivery",1
"2022-06-14","Invoca","United States","Artificial intelligence",1.1
"2022-06-14","Nimble Rx","United States","Health",1.4
"2022-06-15","AlphaSense","United States","Artificial intelligence",1.7
"2022-06-15","Turntide Technologies","United States","Auto & transportation",1
"2022-06-16","airSlate","United States","Internet software & services",1.25
"2022-06-21","FourKites","United States","Supply chain, logistics, & delivery",1
"2022-06-21","LeadSquared","India","Internet software & services",1
"2022-06-21","Magic Eden","United States","Fintech",1.6
"2022-06-23","Jaguar Microsystems","China","Hardware",1.34
"2022-06-28","Front","United States","Internet software & services",1.7
"2022-06-28","Pave","United States","Internet software & services",1.6
"2022-07-05","VulcanForms","United States","Supply chain, logistics, & delivery",1
"2022-07-12","SingleStore","United States","Data management & analytics",1
"2022-07-13","OneCard","India","Fintech",1.4
"2022-07-15","5ire","United Kingdom","Internet software & services",1.5
"2022-07-15","stori","Mexico","Fintech",1.2
"2022-07-18","Spectrum Medical","United Kingdom","Health",1.2
"2022-07-21","ClassDojo","United States","Edtech",1.25
"2022-07-27","Unstoppable Domains","United States","Internet software & services",1
"2022-08-01","Zhiji Auto","China","Auto & transportation",4.5
"2022-08-10","DANA","Indonesia","Fintech",1.13
"2022-08-15","Flow","United States","Fintech",1
"2022-08-16","MEGAZONE","South Korea","Internet",1.83
"2022-08-16","Orna Therapeutics","United States","Health",1.5
"2022-08-16","Shiprocket","India","Internet",1.3
"2022-08-17","Incredible Health","United States","Internet software & services",1.65
"2022-08-24","Tridge","South Korea","Internet software & services",2.7
